bug,player,caught,seconds_to_catch,false_alarms,incidents,player_steps,player_tokens,naive_bigmodel_tokens,evidence_kb,wall_s
hud,random,no,,0,0,77,0,81697,0.0,64.1
hud,explore,no,,0,0,72,0,76392,0.0,63.5
hud,ollama:qwen2.5vl:3b,no,,0,0,32,42816,33952,0.0,62.9
softlock,random,yes,33.6,0,1,78,0,82758,44.3,63.2
softlock,explore,yes,15.0,0,1,71,0,75331,44.0,63.5
softlock,ollama:qwen2.5vl:3b,yes,38.9,0,1,44,58937,46684,43.4,64.1
error,random,no,,0,0,79,0,83819,0.0,63.8
error,explore,yes,12.5,0,1,78,0,82758,45.2,63.9
error,ollama:qwen2.5vl:3b,no,,0,0,39,52121,41379,0.0,63.9
crash,random,no,,0,0,76,0,80636,0.0,63.1
crash,explore,yes,17.9,0,2,18,0,19098,96.2,18.1
crash,ollama:qwen2.5vl:3b,no,,0,0,37,49608,39257,0.0,63.7
freeze,random,no,,0,0,77,0,81697,0.0,63.3
freeze,explore,yes,20.4,0,1,73,0,77453,49.0,64.4
freeze,ollama:qwen2.5vl:3b,no,,0,0,35,46917,37135,0.0,64.3
none,random,,,0,0,91,0,96551,0.0,65.2
none,explore,,,0,0,69,0,73209,0.0,63.8
none,ollama:qwen2.5vl:3b,,,0,0,35,46850,37135,0.0,62.8
